{"type":"sprite","x":0,"y":0,"name":"","0":{"x":0,"y":0,"name":"topSp","type":"sprite","r":0,"sx":1,"sy":1,"a":1,"skewX":0,"skewY":0,"0":{"x":-127,"y":-484.5,"name":"topskin","type":"nbMovie","r":0,"sx":1,"sy":1,"a":1,"skewX":0,"skewY":0,"0":{"index":1,"0":{"x":102,"y":102,"name":"","type":"sprite","r":-1.5707047140533978,"sx":1,"sy":1,"a":1,"skewX":-1.5707047140533978,"skewY":-1.5707047140533978,"0":{"type":"bitmap","libName":"Bitmap 4","x":-102,"y":-102,"r":0,"sx":1.666656494140625,"sy":1.666656494140625,"skewX":0,"skewY":0}}},"1":{"index":1,"0":{"x":151,"y":102,"name":"","type":"sprite","r":3.141592653589793,"sx":1,"sy":1,"a":1,"skewX":3.141592653589793,"skewY":3.141592653589793,"0":{"type":"bitmap","libName":"Bitmap 4","x":-102,"y":-102,"r":0,"sx":1.666656494140625,"sy":1.666656494140625,"skewX":0,"skewY":0}}},"2":{"index":1,"0":{"x":50,"y":60,"name":"","type":"sprite","r":0,"sx":1,"sy":1,"a":1,"skewX":0,"skewY":0,"0":{"type":"bitmap","libName":"Bitmap 5","x":0,"y":0,"r":0,"sx":1.666656494140625,"sy":1.666656494140625,"skewX":0,"skewY":0}}},"3":{"index":1,"0":{"type":"shape","path":[255,60,50,2,60,203,2,206,203,2,206,50,2,60,50,2,60,50,1,0.00392156862745098,0,33]}}},"1":{"x":-77,"y":280.5,"name":"botskin","type":"nbMovie","r":0,"sx":1,"sy":1,"a":1,"skewX":0,"skewY":0,"0":{"index":1,"0":{"x":52.95,"y":102,"name":"","type":"sprite","r":0,"sx":1,"sy":1,"a":1,"skewX":0,"skewY":0,"0":{"type":"bitmap","libName":"Bitmap 4","x":-102,"y":-102,"r":0,"sx":1.666656494140625,"sy":1.666656494140625,"skewX":0,"skewY":0}}},"1":{"index":1,"0":{"x":102,"y":102,"name":"","type":"sprite","r":1.5707047140533978,"sx":1,"sy":1,"a":1,"skewX":1.5707047140533978,"skewY":1.5707047140533978,"0":{"type":"bitmap","libName":"Bitmap 4","x":-102,"y":-102,"r":0,"sx":1.666656494140625,"sy":1.666656494140625,"skewX":0,"skewY":0}}},"2":{"index":1,"0":{"x":2,"y":0,"name":"","type":"sprite","r":0,"sx":1,"sy":1,"a":1,"skewX":0,"skewY":0,"0":{"type":"bitmap","libName":"Bitmap 5","x":0,"y":0,"r":0,"sx":1.666656494140625,"sy":1.666656494140625,"skewX":0,"skewY":0}}},"3":{"index":1,"0":{"type":"shape","path":[255,0,2,2,0,155,2,146,155,2,146,2,2,0,2,2,0,2,1,0.00392156862745098,0,33]}}},"2":{"x":-0.5,"y":-0.5,"name":"body","type":"sprite","r":0,"sx":1,"sy":1,"a":1,"skewX":0,"skewY":0,"0":{"type":"bitmap","libName":"Bitmap 1","x":-58,"y":-281,"r":0,"sx":2,"sy":2,"skewX":0,"skewY":0}}},"1":{"x":0,"y":0,"name":"bottomSp","type":"sprite","r":0,"sx":1,"sy":1,"a":1,"skewX":0,"skewY":0,"0":{"x":-77,"y":280.5,"name":"botskin","type":"nbMovie","r":0,"sx":1,"sy":1,"a":1,"skewX":0,"skewY":0,"0":{"index":1,"0":{"x":-49.05,"y":0,"name":"","type":"sprite","r":0,"sx":1,"sy":1,"a":1,"skewX":0,"skewY":0,"0":{"type":"bitmap","libName":"Bitmap 7","x":0,"y":0,"r":0,"sx":1.666656494140625,"sy":1.666656494140625,"skewX":0,"skewY":0}}},"1":{"index":1,"0":{"x":204,"y":0,"name":"","type":"sprite","r":1.5707047140533978,"sx":1,"sy":1,"a":1,"skewX":1.5707047140533978,"skewY":1.5707047140533978,"0":{"type":"bitmap","libName":"Bitmap 7","x":0,"y":0,"r":0,"sx":1.666656494140625,"sy":1.666656494140625,"skewX":0,"skewY":0}}},"2":{"index":1,"0":{"x":2,"y":0,"name":"","type":"sprite","r":0,"sx":1,"sy":1,"a":1,"skewX":0,"skewY":0,"0":{"type":"bitmap","libName":"Bitmap 8","x":0,"y":0,"r":0,"sx":1.666656494140625,"sy":1.666656494140625,"skewX":0,"skewY":0}}},"3":{"index":1,"0":{"type":"bitmap","libName":"透明矩形.png","x":2,"y":0,"r":0,"sx":1,"sy":1,"skewX":0,"skewY":0}}},"1":{"x":-127,"y":-484.5,"name":"topskin","type":"nbMovie","r":0,"sx":1,"sy":1,"a":1,"skewX":0,"skewY":0,"0":{"index":1,"0":{"x":0,"y":204,"name":"","type":"sprite","r":-1.5707047140533978,"sx":1,"sy":1,"a":1,"skewX":-1.5707047140533978,"skewY":-1.5707047140533978,"0":{"type":"bitmap","libName":"Bitmap 7","x":0,"y":0,"r":0,"sx":1.666656494140625,"sy":1.666656494140625,"skewX":0,"skewY":0}}},"1":{"index":1,"0":{"x":253,"y":204,"name":"","type":"sprite","r":3.141592653589793,"sx":1,"sy":1,"a":1,"skewX":3.141592653589793,"skewY":3.141592653589793,"0":{"type":"bitmap","libName":"Bitmap 7","x":0,"y":0,"r":0,"sx":1.666656494140625,"sy":1.666656494140625,"skewX":0,"skewY":0}}},"2":{"index":1,"0":{"x":50,"y":60,"name":"","type":"sprite","r":0,"sx":1,"sy":1,"a":1,"skewX":0,"skewY":0,"0":{"type":"bitmap","libName":"Bitmap 8","x":0,"y":0,"r":0,"sx":1.666656494140625,"sy":1.666656494140625,"skewX":0,"skewY":0}}},"3":{"index":1,"0":{"type":"shape","path":[255,60,50,2,60,203,2,206,203,2,206,50,2,60,50,2,60,50,1,0.00392156862745098,0,33]}}},"2":{"type":"bitmap","libName":"Bitmap 6","x":-58,"y":-290,"r":0,"sx":2,"sy":2,"skewX":0,"skewY":0}}}