{
  "global": [
    {
      "src": "global",
      "sprite": {
        "button_rot": [0, 208.0045351473923],
        "collision": [2000, 138.798185941043],
        "equ_delete": [4000, 287.3469387755101],
        "equ_repair": [6000, 2246.5306122448983]
      }
    }
  ],
  "electricity": [
    {
      "src": "electricity",
      "sprite": {
        "bumming": [0, 1947.18820861678, true],
        "bumming2": [0, 1947.18820861678, false],
        "burnOut": [3000, 1567.3469387755104],
        "elecBell": [6000, 496.32653061224465, true],
        "electricAppliance": [8000, 2638.367346938775, true],
        "electricity": [12000, 23000],
        "electromagneticrelay": [36000, 52.2448979591843],
        "lamp_burnOut": [38000, 1358.3673469387777],
        "reshuihu": [41000, 4649.795918367346, true],
        "switchclose": [47000, 479.9999999999969],
        "switchopen": [49000, 384.01360544217766],
        "wire": [51000, 208.9795918367372]
      }
    }
  ],
  "acoustic": [
    {
      "src": "acoustic",
      "sprite": {
        "drum": [0, 340.6575963718821],
        "flute": [2000, 3343.673469387755],
        "glass": [7000, 365.71428571428567],
        "ling": [9000, 9013.31065759637, true]
      }
    }
  ],
  "mechanics": [
    {
      "src": "mechanics",
      "sprite": {
        "airtrack": [0, 6480, true],
        "comtimer": [8000, 3723.5147392290246, true],
        "tickerTime": [13000, 6112.653061224489, true]
      }
    }
  ],
  "thermal": [
    {
      "src": "thermal",
      "sprite": {
        "basai": [0, 208.9795918367347],
        "extinguisher": [2000, 445.14739229024957],
        "inflate": [4000, 130.612244897959],
        "shui": [6000, 5433.4693877551035, true],
        "shuidi": [13000, 365.7142857142866],
        "thermometer": [31000, 1632.0181405895723]
      }
    }
  ],
  "TuningFork": [
    {
      "src": "yincha",
      "sprite": {
        "yincha0": [0, 8620.408163265307],
        "yincha1": [10000, 8620.408163265307],
        "yincha2": [20000, 12956.73469387755]
      }
    }
  ],
  "WaterBottle": [
    {
      "src": "bottle",
      "sprite": {
        "bottle8": [0, 1541.2244897959183],
        "bottle7": [3000, 1541.224489795918],
        "bottle6": [6000, 1541.224489795918],
        "bottle5": [9000, 1541.224489795919],
        "bottle4": [12000, 1541.224489795919],
        "bottle3": [15000, 1541.224489795919],
        "bottle2": [18000, 1541.224489795919],
        "bottle1": [21000, 1541.224489795919],
        "mouth8": [24000, 1071.020408163264],
        "mouth7": [27000, 731.4285714285732],
        "mouth6": [29000, 653.0612244897966],
        "mouth5": [31000, 626.9387755102046],
        "mouth4": [33000, 809.7959183673495],
        "mouth3": [35000, 653.0612244897966],
        "mouth2": [37000, 653.0612244897966],
        "mouth1": [39000, 653.0612244897966]
      }
    }
  ],
  "WoodenTable": [
    {
      "src": "jutiao",
      "sprite": {
        "jutiao1": [0, 1724.0816326530612],
        "jutiao2": [3000, 7131.428571428572],
        "jutiao3": [12000, 6034.285714285716]
      }
    }
  ],
  "ElecFamilyAir": [
    {
      "src": "kongtiao",
      "sprite": {
        "kongtiao1": [0, 7026.938775510204],
        "kongtiao2": [9000, 1050, true]
      }
    }
  ],
  "ElecFamilyFridge": [
    {
      "src": "icebox",
      "sprite": {
        "icebox1": [0, 7575.510204081633, true],
        "icebox2": [9000, 365.7142857142866],
        "icebox3": [11000, 626.9387755102046]
      }
    }
  ],
  "Piano": [
    {
      "src": "piano_c1",
      "sprite": {
        "#A0": [0, 3735.5102040816328],
        "#A1": [5000, 3186.9387755102034],
        "#C1": [10000, 3239.1836734693875],
        "#D1": [15000, 3552.6530612244896],
        "#F1": [20000, 3369.7959183673483],
        "#G1": [25000, 3030.204081632654],
        "A0": [30000, 3422.0408163265292],
        "A1": [35000, 3134.6938775510225],
        "B0": [40000, 3186.9387755102066],
        "B1": [45000, 3395.918367346937],
        "C1": [50000, 3160.816326530615],
        "D1": [55000, 3317.55102040816],
        "E1": [60000, 3134.6938775510225],
        "F1": [65000, 3317.55102040816],
        "G1": [70000, 2925.7142857142926]
      }
    },
    {
      "src": "piano_c2",
      "sprite": {
        "#A2": [0, 3291.4285714285716],
        "#C2": [5000, 3134.6938775510207],
        "#D2": [10000, 3604.897959183674],
        "#F2": [15000, 3239.1836734693875],
        "#G2": [20000, 3160.816326530611],
        "A2": [25000, 3186.9387755102034],
        "B2": [30000, 3186.9387755102066],
        "C2": [35000, 3213.061224489799],
        "D2": [40000, 3213.061224489799],
        "E2": [45000, 3448.163265306121],
        "F2": [50000, 3134.6938775510225],
        "G2": [55000, 3265.306122448976]
      }
    },
    {
      "src": "piano_c3",
      "sprite": {
        "#A3": [0, 3213.0612244897957],
        "#C3": [5000, 3213.061224489795],
        "#D3": [10000, 3134.6938775510207],
        "#F3": [15000, 3186.9387755102034],
        "#G3": [20000, 3265.3061224489797],
        "A3": [25000, 3108.5714285714303],
        "B3": [30000, 3134.6938775510225],
        "C3": [35000, 3213.061224489799],
        "D3": [40000, 3369.7959183673447],
        "E3": [45000, 2925.7142857142853],
        "F3": [49000, 3239.183673469391],
        "G3": [54000, 2847.346938775509]
      }
    },
    {
      "src": "piano_c4",
      "sprite": {
        "#A4": [0, 3134.6938775510203],
        "#C4": [5000, 3500.4081632653056],
        "#D4": [10000, 3213.061224489795],
        "#F4": [15000, 3186.9387755102034],
        "#G4": [20000, 3265.3061224489797],
        "A4": [25000, 2951.8367346938776],
        "B4": [29000, 2716.7346938775518],
        "C4": [33000, 2037.5510204081663],
        "D4": [37000, 1802.448979591837],
        "E4": [40000, 3082.448979591838],
        "F4": [45000, 2560.0000000000023],
        "G4": [49000, 2638.3673469387786]
      }
    },
    {
      "src": "piano_c5",
      "sprite": {
        "#A5": [0, 3291.4285714285716],
        "#C5": [5000, 3239.1836734693875],
        "#D5": [10000, 3213.061224489795],
        "#F5": [15000, 3265.3061224489797],
        "#G5": [20000, 3500.4081632653056],
        "A5": [25000, 2925.7142857142853],
        "B5": [29000, 3056.326530612246],
        "C5": [34000, 2742.8571428571404],
        "D5": [38000, 3030.204081632654],
        "E5": [43000, 3134.6938775510225],
        "F5": [48000, 2742.8571428571404],
        "G5": [52000, 2847.346938775509]
      }
    },
    {
      "src": "piano_c6",
      "sprite": {
        "#A6": [0, 3448.1632653061224],
        "#C6": [5000, 3186.9387755102034],
        "#D6": [10000, 3239.1836734693875],
        "#F6": [15000, 3056.326530612246],
        "#G6": [20000, 3134.693877551019],
        "A6": [25000, 3134.693877551019],
        "B6": [30000, 2768.979591836732],
        "C6": [34000, 3134.6938775510225],
        "D6": [39000, 2873.469387755101],
        "E6": [43000, 3030.204081632654],
        "F6": [48000, 3160.816326530615],
        "G6": [53000, 2847.346938775509]
      }
    },
    {
      "src": "piano_c7",
      "sprite": {
        "#A7": [0, 3631.0204081632655],
        "#C7": [5000, 3369.7959183673465],
        "#D7": [10000, 3056.3265306122444],
        "#F7": [15000, 3422.0408163265292],
        "#G7": [20000, 3604.897959183674],
        "A7": [25000, 2925.7142857142853],
        "B7": [29000, 3108.5714285714303],
        "C7": [34000, 3213.061224489799],
        "C8": [39000, 3056.326530612246],
        "D7": [44000, 2821.2244897959167],
        "E7": [48000, 3082.448979591838],
        "F7": [53000, 3160.816326530615],
        "G7": [58000, 3056.326530612246]
      }
    }
  ]
}
