{"type":"sprite","x":0,"y":0,"name":"mc","0":{"x":0.5,"y":-219.55,"name":"lightning","type":"nbMovie","r":0,"sx":1,"sy":1,"a":1,"skewX":0,"skewY":0,"0":{"index":1,"0":{"type":"bitmap","libName":"1.png","x":-24,"y":-22,"r":0,"sx":1,"sy":1,"skewX":0,"skewY":0}},"1":{"index":1,"0":{"type":"bitmap","libName":"2.png","x":-24,"y":-22,"r":0,"sx":1,"sy":1,"skewX":0,"skewY":0}},"2":{"index":1,"0":{"type":"bitmap","libName":"3.png","x":-24,"y":-22,"r":0,"sx":1,"sy":1,"skewX":0,"skewY":0}}},"1":{"x":63,"y":167.4,"name":"bp1","type":"sprite","r":0,"sx":1,"sy":1,"a":1,"skewX":0,"skewY":0,"0":{"type":"shape","path":[255,0,20,2,20,20,2,20,0,2,0,0,2,0,20,2,0,20,1,0.6980392156862745,-1522030,33]}},"2":{"x":-79,"y":166.4,"name":"bp0","type":"sprite","r":0,"sx":1,"sy":1,"a":1,"skewX":0,"skewY":0,"0":{"type":"shape","path":[255,0,20,2,20,20,2,20,0,2,0,0,2,0,20,2,0,20,1,0.6980392156862745,-1522030,33]}},"3":{"x":-103.35,"y":-84.05,"name":"leftT","type":"sprite","r":0.5406712360823608,"sx":1.0000152587890625,"sy":1.0000152587890625,"a":1,"skewX":0.5406712360823608,"skewY":0.5406712360823608,"0":{"type":"shape","path":[255,13,23.9,2,174.6,23.9,2,174.6,-28.5,2,13,-28.5,2,13,23.9,2,13,23.9,1,0.5490196078431373,0,33]}},"4":{"x":107,"y":-84.05,"name":"rightT","type":"sprite","r":-0.5407497993345182,"sx":1,"sy":1,"a":1,"skewX":-0.5407497993345182,"skewY":-0.5407497993345182,"0":{"type":"shape","path":[255,13,23.9,2,174.6,23.9,2,174.6,-28.5,2,13,-28.5,2,13,23.9,2,13,23.9,1,0.5490196078431373,0,33]}},"5":{"x":106.95,"y":-84.45,"name":"rightB","type":"sprite","r":0,"sx":1,"sy":1,"a":1,"skewX":0,"skewY":0,"0":{"x":-79.05,"y":-133.85,"name":"dot","type":"sprite","r":0,"sx":1,"sy":1,"a":1,"skewX":0,"skewY":0,"0":{"type":"bitmap","libName":"Bitmap 2","x":-10,"y":-10,"r":0,"sx":1,"sy":1,"skewX":0,"skewY":0}},"1":{"type":"bitmap","libName":"Bitmap 5","x":63.6,"y":152.35,"r":-2.0769513972531763,"sx":0.9999542236328125,"sy":0.9999542236328125,"skewX":-2.0769513972531763,"skewY":-2.0769513972531763}},"6":{"x":-103.1,"y":-83.75,"name":"leftB","type":"sprite","r":0,"sx":1,"sy":1,"a":1,"skewX":0,"skewY":0,"0":{"x":79.85,"y":-137.15,"name":"dot","type":"sprite","r":0,"sx":1,"sy":1,"a":1,"skewX":0,"skewY":0,"0":{"type":"bitmap","libName":"Bitmap 2","x":-10,"y":-10,"r":0,"sx":1,"sy":1,"skewX":0,"skewY":0}},"1":{"type":"bitmap","libName":"Bitmap 5","x":-96.9,"y":129.4,"r":-1.0377419977462714,"sx":1,"sy":1,"skewX":-1.0377419977462714,"skewY":-1.0377419977462714}},"7":{"type":"bitmap","libName":"中支撑.png","x":-50.5,"y":-159.95,"r":0,"sx":1,"sy":1,"skewX":0,"skewY":0},"8":{"x":1,"y":49,"name":"xin","type":"sprite","r":0,"sx":1,"sy":1,"a":1,"skewX":0,"skewY":0,"0":{"type":"bitmap","libName":"转盘.png","x":-60,"y":-60,"r":0,"sx":1,"sy":1,"skewX":0,"skewY":0}},"9":{"x":0,"y":0,"name":"bg","type":"sprite","r":0,"sx":1,"sy":1,"a":1,"skewX":0,"skewY":0,"0":{"type":"bitmap","libName":"起电器.png","x":-202.5,"y":-207,"r":0,"sx":1,"sy":1,"skewX":0,"skewY":0},"1":{"type":"shape","path":[255,-274,203,2,-208,203,2,-208,-202,2,-274,-202,2,-274,203,2,-274,203,1,0,6723891,33]}},"10":{"x":3,"y":-115.5,"name":"qian","type":"sprite","r":0,"sx":1,"sy":1,"a":1,"skewX":0,"skewY":0,"0":{"type":"bitmap","libName":"前转盘.png","x":-160,"y":-160,"r":0,"sx":1,"sy":1,"skewX":0,"skewY":0}},"11":{"x":3,"y":-115.5,"name":"hou","type":"sprite","r":0,"sx":1,"sy":1,"a":1,"skewX":0,"skewY":0,"0":{"type":"bitmap","libName":"后转盘.png","x":-160,"y":-160,"r":0,"sx":1,"sy":1,"skewX":0,"skewY":0}},"12":{"x":-106.5,"y":-207,"name":"houshua","type":"sprite","r":0,"sx":1,"sy":1,"a":1,"skewX":0,"skewY":0,"0":{"type":"bitmap","libName":"电刷后.png","x":0,"y":0,"r":0,"sx":1,"sy":1,"skewX":0,"skewY":0}},"13":{"x":2.55,"y":-117.2,"name":"alphaSP","type":"sprite","r":0,"sx":1,"sy":1,"a":1,"skewX":0,"skewY":0,"0":{"type":"shape","path":[255,-161.5,166,2,161.5,166,2,161.5,-166,2,-161.5,-166,2,-161.5,166,2,-161.5,166,1,0,6723840,33]}}}