{"type":"sprite","x":0,"y":0,"name":"compnent","0":{"x":0,"y":0,"name":"bg","type":"nbMovie","r":0,"sx":1,"sy":1,"a":1,"skewX":0,"skewY":0,"0":{"index":1,"0":{"type":"bitmap","libName":"Bitmap 1","x":-182,"y":-17,"r":0,"sx":1,"sy":1,"skewX":0,"skewY":0}},"1":{"index":1,"0":{"type":"bitmap","libName":"Bitmap 23","x":-172.5,"y":-20.6,"r":0.026178074567151887,"sx":1,"sy":1,"skewX":0.026178074567151887,"skewY":0.026178074567151887}},"2":{"index":1,"0":{"type":"bitmap","libName":"Bitmap 24","x":-163.5,"y":-29,"r":0.06980225111930385,"sx":1,"sy":1,"skewX":0.06980225111930385,"skewY":0.06980225111930385}},"3":{"index":1,"0":{"type":"bitmap","libName":"Bitmap 25","x":-151.8,"y":-31.05,"r":0.09597206988707649,"sx":1.0000152587890625,"sy":1.0000152587890625,"skewX":0.09597206988707649,"skewY":0.09597206988707649}},"4":{"index":1,"0":{"type":"bitmap","libName":"Bitmap 26","x":-140.5,"y":-36.25,"r":0.13961914962460314,"sx":0.999969482421875,"sy":0.999969482421875,"skewX":0.13961914962460314,"skewY":0.13961914962460314}},"5":{"index":1,"0":{"type":"bitmap","libName":"Bitmap 27","x":-125.4,"y":-40.65,"r":0.1832835399092153,"sx":0.999969482421875,"sy":0.999969482421875,"skewX":0.1832835399092153,"skewY":0.1832835399092153}},"6":{"index":1,"0":{"type":"bitmap","libName":"Bitmap 28","x":-125.2,"y":-39.9,"r":0.19197290191392585,"sx":0.9999847412109375,"sy":0.9999847412109375,"skewX":0.19197290191392585,"skewY":0.19197290191392585}},"7":{"index":1,"0":{"type":"bitmap","libName":"Bitmap 4","x":-110.05,"y":-41.55,"r":0.2268613774583999,"sx":0.9999847412109375,"sy":0.9999847412109375,"skewX":0.2268613774583999,"skewY":0.2268613774583999}},"8":{"index":1,"0":{"type":"bitmap","libName":"Bitmap 5","x":-93.5,"y":-42,"r":0.2879702718313581,"sx":0.99993896484375,"sy":0.99993896484375,"skewX":0.2879702718313581,"skewY":0.2879702718313581}},"9":{"index":1,"0":{"type":"bitmap","libName":"Bitmap 6","x":-78.05,"y":-47.65,"r":0.383955657523885,"sx":0.999969482421875,"sy":0.999969482421875,"skewX":0.383955657523885,"skewY":0.383955657523885}},"10":{"index":1,"0":{"type":"bitmap","libName":"Bitmap 7","x":-58.25,"y":-48.4,"r":0.5061201830479998,"sx":0.9999847412109375,"sy":0.9999847412109375,"skewX":0.5061201830479998,"skewY":0.5061201830479998}},"11":{"index":1,"0":{"type":"bitmap","libName":"Bitmap 8","x":-36.7,"y":-50.7,"r":0.7155698132994617,"sx":0.999969482421875,"sy":0.999969482421875,"skewX":0.7155698132994617,"skewY":0.7155698132994617}},"12":{"index":1,"0":{"type":"bitmap","libName":"Bitmap 9","x":-14.7,"y":-53.9,"r":1.0297437260444364,"sx":0.9999542236328125,"sy":0.9999542236328125,"skewX":1.0297437260444364,"skewY":1.0297437260444364}},"13":{"index":1,"0":{"type":"bitmap","libName":"Bitmap 10","x":-17,"y":-46,"r":0,"sx":1,"sy":1,"skewX":0,"skewY":0}},"14":{"index":1,"0":{"type":"bitmap","libName":"Bitmap 11","x":8.2,"y":-52.55,"r":0.47124795278617526,"sx":0.9999847412109375,"sy":0.9999847412109375,"skewX":0.47124795278617526,"skewY":0.47124795278617526}},"15":{"index":1,"0":{"type":"bitmap","libName":"Bitmap 12","x":32.75,"y":-56.75,"r":0.8203132705528231,"sx":0.9999237060546875,"sy":0.9999237060546875,"skewX":0.8203132705528231,"skewY":0.8203132705528231}},"16":{"index":1,"0":{"type":"bitmap","libName":"Bitmap 13","x":-103.8,"y":37.1,"r":-0.5061316346406871,"sx":0.9999847412109375,"sy":0.9999847412109375,"skewX":-0.5061316346406871,"skewY":-0.5061316346406871}},"17":{"index":1,"0":{"type":"bitmap","libName":"Bitmap 14","x":-125.6,"y":32.65,"r":-0.36649357657234444,"sx":0.9999847412109375,"sy":0.9999847412109375,"skewX":-0.36649357657234444,"skewY":-0.36649357657234444}},"18":{"index":1,"0":{"type":"bitmap","libName":"Bitmap 15","x":-142.35,"y":25.55,"r":-0.29670091283296485,"sx":0.9999847412109375,"sy":0.9999847412109375,"skewX":-0.29670091283296485,"skewY":-0.29670091283296485}},"19":{"index":1,"0":{"type":"bitmap","libName":"Bitmap 16","x":-160.3,"y":19.25,"r":-0.2268613774583999,"sx":0.999969482421875,"sy":0.999969482421875,"skewX":-0.2268613774583999,"skewY":-0.2268613774583999}},"20":{"index":1,"0":{"type":"bitmap","libName":"Bitmap 17","x":-171.05,"y":13.75,"r":-0.17453638730885007,"sx":1,"sy":1,"skewX":-0.17453638730885007,"skewY":-0.17453638730885007}},"21":{"index":1,"0":{"type":"bitmap","libName":"Bitmap 18","x":-186.25,"y":5.3,"r":-0.1221908908189066,"sx":1,"sy":1,"skewX":-0.1221908908189066,"skewY":-0.1221908908189066}},"22":{"index":1,"0":{"type":"bitmap","libName":"Bitmap 19","x":-185.15,"y":2.45,"r":-0.09597206988707649,"sx":0.9999847412109375,"sy":0.9999847412109375,"skewX":-0.09597206988707649,"skewY":-0.09597206988707649}},"23":{"index":1,"0":{"type":"bitmap","libName":"Bitmap 20","x":-184.35,"y":-3.8,"r":-0.06980225111930385,"sx":1,"sy":1,"skewX":-0.06980225111930385,"skewY":-0.06980225111930385}},"24":{"index":1,"0":{"type":"bitmap","libName":"Bitmap 21","x":-183.3,"y":-9.8,"r":-0.034882616590075875,"sx":1,"sy":1,"skewX":-0.034882616590075875,"skewY":-0.034882616590075875}},"25":{"index":1,"0":{"type":"bitmap","libName":"Bitmap 1","x":-182,"y":-17,"r":0,"sx":1,"sy":1,"skewX":0,"skewY":0}},"26":{"index":1,"0":{"type":"bitmap","libName":"Bitmap 23","x":-172.5,"y":-20.6,"r":0.026178074567151887,"sx":1,"sy":1,"skewX":0.026178074567151887,"skewY":0.026178074567151887}},"27":{"index":1,"0":{"type":"bitmap","libName":"Bitmap 24","x":-163.5,"y":-29,"r":0.06980225111930385,"sx":1,"sy":1,"skewX":0.06980225111930385,"skewY":0.06980225111930385}},"28":{"index":1,"0":{"type":"bitmap","libName":"Bitmap 25","x":-151.8,"y":-31.05,"r":0.09597206988707649,"sx":1.0000152587890625,"sy":1.0000152587890625,"skewX":0.09597206988707649,"skewY":0.09597206988707649}},"29":{"index":1,"0":{"type":"bitmap","libName":"Bitmap 26","x":-140.5,"y":-36.25,"r":0.13961914962460314,"sx":0.999969482421875,"sy":0.999969482421875,"skewX":0.13961914962460314,"skewY":0.13961914962460314}},"30":{"index":1,"0":{"type":"bitmap","libName":"Bitmap 27","x":-125.4,"y":-40.65,"r":0.1832835399092153,"sx":0.999969482421875,"sy":0.999969482421875,"skewX":0.1832835399092153,"skewY":0.1832835399092153}},"31":{"index":1,"0":{"type":"bitmap","libName":"Bitmap 28","x":-125.2,"y":-39.9,"r":0.19197290191392585,"sx":0.9999847412109375,"sy":0.9999847412109375,"skewX":0.19197290191392585,"skewY":0.19197290191392585}},"32":{"index":1,"0":{"type":"bitmap","libName":"Bitmap 4","x":-110.05,"y":-41.55,"r":0.2268613774583999,"sx":0.9999847412109375,"sy":0.9999847412109375,"skewX":0.2268613774583999,"skewY":0.2268613774583999}},"33":{"index":1,"0":{"type":"bitmap","libName":"Bitmap 5","x":-93.5,"y":-42,"r":0.2879702718313581,"sx":0.99993896484375,"sy":0.99993896484375,"skewX":0.2879702718313581,"skewY":0.2879702718313581}},"34":{"index":1,"0":{"type":"bitmap","libName":"Bitmap 6","x":-78.05,"y":-47.65,"r":0.383955657523885,"sx":0.999969482421875,"sy":0.999969482421875,"skewX":0.383955657523885,"skewY":0.383955657523885}},"35":{"index":1,"0":{"type":"bitmap","libName":"Bitmap 7","x":-58.25,"y":-48.4,"r":0.5061201830479998,"sx":0.9999847412109375,"sy":0.9999847412109375,"skewX":0.5061201830479998,"skewY":0.5061201830479998}},"36":{"index":1,"0":{"type":"bitmap","libName":"Bitmap 8","x":-36.7,"y":-50.7,"r":0.7155698132994617,"sx":0.999969482421875,"sy":0.999969482421875,"skewX":0.7155698132994617,"skewY":0.7155698132994617}},"37":{"index":1,"0":{"type":"bitmap","libName":"Bitmap 9","x":-14.7,"y":-53.9,"r":1.0297437260444364,"sx":0.9999542236328125,"sy":0.9999542236328125,"skewX":1.0297437260444364,"skewY":1.0297437260444364}},"38":{"index":1,"0":{"type":"bitmap","libName":"Bitmap 10","x":-17,"y":-46,"r":0,"sx":1,"sy":1,"skewX":0,"skewY":0}},"39":{"index":1,"0":{"type":"bitmap","libName":"Bitmap 11","x":8.2,"y":-52.55,"r":0.47124795278617526,"sx":0.9999847412109375,"sy":0.9999847412109375,"skewX":0.47124795278617526,"skewY":0.47124795278617526}},"40":{"index":1,"0":{"type":"bitmap","libName":"Bitmap 12","x":32.75,"y":-56.75,"r":0.8203132705528231,"sx":0.9999237060546875,"sy":0.9999237060546875,"skewX":0.8203132705528231,