{"type":"sprite","x":0,"y":0,"name":"compnent","0":{"x":0,"y":0,"name":"bg","type":"nbMovie","r":0,"sx":1,"sy":1,"a":1,"skewX":0,"skewY":0,"0":{"index":1,"0":{"type":"bitmap","libName":"Bitmap 1","x":-180,"y":-14,"r":0,"sx":1,"sy":1,"skewX":0,"skewY":0}},"1":{"index":1,"0":{"type":"bitmap","libName":"Bitmap 2","x":-175.35,"y":-21.2,"r":0.034882616590075875,"sx":1,"sy":1,"skewX":0.034882616590075875,"skewY":0.034882616590075875}},"2":{"index":1,"0":{"type":"bitmap","libName":"Bitmap 3","x":-164.5,"y":-27,"r":0.06980225111930385,"sx":1,"sy":1,"skewX":0.06980225111930385,"skewY":0.06980225111930385}},"3":{"index":1,"0":{"type":"bitmap","libName":"Bitmap 4","x":-154.45,"y":-30.7,"r":0.10468779718657882,"sx":1,"sy":1,"skewX":0.10468779718657882,"skewY":0.10468779718657882}},"4":{"index":1,"0":{"type":"bitmap","libName":"Bitmap 5","x":-140.75,"y":-38.3,"r":0.15706658319014827,"sx":0.999969482421875,"sy":0.999969482421875,"skewX":0.15706658319014827,"skewY":0.15706658319014827}},"5":{"index":1,"0":{"type":"bitmap","libName":"Bitmap 6","x":-124.4,"y":-40.85,"r":0.20070620607662268,"sx":0.9998931884765625,"sy":0.9998931884765625,"skewX":0.20070620607662268,"skewY":0.20070620607662268}},"6":{"index":1,"0":{"type":"bitmap","libName":"Bitmap 7","x":-109.35,"y":-47.6,"r":0.26180897517907376,"sx":0.9999542236328125,"sy":0.9999542236328125,"skewX":0.26180897517907376,"skewY":0.26180897517907376}},"7":{"index":1,"0":{"type":"bitmap","libName":"Bitmap 8","x":-88.15,"y":-54.15,"r":0.34906371986999385,"sx":1,"sy":1,"skewX":0.34906371986999385,"skewY":0.34906371986999385}},"8":{"index":1,"0":{"type":"bitmap","libName":"Bitmap 9","x":-73.8,"y":-54.85,"r":0.43633311194690944,"sx":0.999969482421875,"sy":0.999969482421875,"skewX":0.43633311194690944,"skewY":0.43633311194690944}},"9":{"index":1,"0":{"type":"bitmap","libName":"Bitmap 10","x":-47.5,"y":-59.6,"r":0.5934060867236738,"sx":0.999969482421875,"sy":0.999969482421875,"skewX":0.5934060867236738,"skewY":0.5934060867236738}},"10":{"index":1,"0":{"type":"bitmap","libName":"Bitmap 11","x":-36.8,"y":-53.45,"r":0.7155698132994617,"sx":0.999969482421875,"sy":0.999969482421875,"skewX":0.7155698132994617,"skewY":0.7155698132994617}},"11":{"index":1,"0":{"type":"bitmap","libName":"Bitmap 12","x":-9.9,"y":-52.1,"r":1.0821052015009203,"sx":0.999969482421875,"sy":0.999969482421875,"skewX":1.0821052015009203,"skewY":1.0821052015009203}},"12":{"index":1,"0":{"type":"bitmap","libName":"Bitmap 14","x":-18,"y":70,"r":-1.5707047140533978,"sx":1,"sy":1,"skewX":-1.5707047140533978,"skewY":-1.5707047140533978}},"13":{"index":1,"0":{"type":"bitmap","libName":"Bitmap 15","x":-49.1,"y":62.3,"r":-1.0908172003748966,"sx":0.9999542236328125,"sy":0.9999542236328125,"skewX":-1.0908172003748966,"skewY":-1.0908172003748966}},"14":{"index":1,"0":{"type":"bitmap","libName":"Bitmap 16","x":-78.7,"y":50.35,"r":-0.7330393511020544,"sx":0.9999542236328125,"sy":0.9999542236328125,"skewX":-0.7330393511020544,"skewY":-0.7330393511020544}},"15":{"index":1,"0":{"type":"bitmap","libName":"Bitmap 17","x":-103.8,"y":44.9,"r":-0.5410414154738818,"sx":0.9999847412109375,"sy":0.9999847412109375,"skewX":-0.5410414154738818,"skewY":-0.5410414154738818}},"16":{"index":1,"0":{"type":"bitmap","libName":"Bitmap 18","x":-123.15,"y":39.6,"r":-0.41889792892237865,"sx":0.999969482421875,"sy":0.999969482421875,"skewX":-0.41889792892237865,"skewY":-0.41889792892237865}},"17":{"index":1,"0":{"type":"bitmap","libName":"Bitmap 19","x":-144.8,"y":30.75,"r":-0.31417391274497475,"sx":0.99993896484375,"sy":0.99993896484375,"skewX":-0.31417391274497475,"skewY":-0.31417391274497475}},"18":{"index":1,"0":{"type":"bitmap","libName":"Bitmap 20","x":-161.1,"y":24.35,"r":-0.24434662791142414,"sx":0.999969482421875,"sy":0.999969482421875,"skewX":-0.24434662791142414,"skewY":-0.24434662791142414}},"19":{"index":1,"0":{"type":"bitmap","libName":"Bitmap 21","x":-172.85,"y":17.5,"r":-0.1919875492999213,"sx":0.9999542236328125,"sy":0.9999542236328125,"skewX":-0.1919875492999213,"skewY":-0.1919875492999213}},"20":{"index":1,"0":{"type":"bitmap","libName":"Bitmap 22","x":-188.2,"y":10.35,"r":-0.13961914962460314,"sx":0.999969482421875,"sy":0.999969482421875,"skewX":-0.13961914962460314,"skewY":-0.13961914962460314}},"21":{"index":1,"0":{"type":"bitmap","libName":"Bitmap 24","x":-186.5,"y":4.55,"r":-0.09689405625646193,"sx":0.99969482421875,"sy":0.99969482421875,"skewX":-0.09689405625646193,"skewY":-0.09689405625646193}},"22":{"index":1,"0":{"type":"bitmap","libName":"Bitmap 25","x":-184.3,"y":-2.6,"r":-0.06980225111930385,"sx":1,"sy":1,"skewX":-0.06980225111930385,"skewY":-0.06980225111930385}},"23":{"index":1,"0":{"type":"bitmap","libName":"Bitmap 26","x":-184.25,"y":-12.7,"r":-0.0183238798802902,"sx":0.99993896484375,"sy":0.99993896484375,"skewX":-0.0183238798802902,"skewY":-0.0183238798802902}},"24":{"index":1,"0":{"type":"bitmap","libName":"Bitmap 1","x":-180,"y":-14,"r":0,"sx":1,"sy":1,"skewX":0,"skewY":0}},"25":{"index":1,"0":{"type":"bitmap","libName":"Bitmap 2","x":-175.35,"y":-21.2,"r":0.034882616590075875,"sx":1,"sy":1,"skewX":0.034882616590075875,"skewY":0.034882616590075875}},"26":{"index":1,"0":{"type":"bitmap","libName":"Bitmap 3","x":-164.5,"y":-27,"r":0.06980225111930385,"sx":1,"sy":1,"skewX":0.06980225111930385,"skewY":0.06980225111930385}},"27":{"index":1,"0":{"type":"bitmap","libName":"Bitmap 4","x":-154.45,"y":-30.7,"r":0.10468779718657882,"sx":1,"sy":1,"skewX":0.10468779718657882,"skewY":0.10468779718657882}},"28":{"index":1,"0":{"type":"bitmap","libName":"Bitmap 5","x":-140.75,"y":-38.3,"r":0.15706658319014827,"sx":0.999969482421875,"sy":0.999969482421875,"skewX":0.15706658319014827,"skewY":0.15706658319014827}},"29":{"index":1,"0":{"type":"bitmap","libName":"Bitmap 6","x":-124.4,"y":-40.85,"r":0.20070620607662268,"sx":0.9998931884765625,"sy":0.9998931884765625,"skewX":0.20070620607662268,"skewY":0.20070620607662268}},"30":{"index":1,"0":{"type":"bitmap","libName":"Bitmap 7","x":-109.35,"y":-47.6,"r":0.26180897517907376,"sx":0.9999542236328125,"sy":0.9999542236328125,"skewX":0.26180897517907376,"skewY":0.26180897517907376}},"31":{"index":1,"0":{"type":"bitmap","libName":"Bitmap 8","x":-88.15,"y":-54.15,"r":0.34906371986999385,"sx":1,"sy":1,"skewX":0.34906371986999385,"skewY":0.34906371986999385}},"32":{"index":1,"0":{"type":"bitmap","libName":"Bitmap 9","x":-73.8,"y":-54.85,"r":0.43633311194690944,"sx":0.999969482421875,"sy":0.999969482421875,"skewX":0.43633311194690944,"skewY":0.43633311194690944}},"33":{"index":1,"0":{"type":"bitmap","libName":"Bitmap 10","x":-47.5,"y":-59.6,"r":0.5934060867236738,"sx":0.999969482421875,"sy":0.999969482421875,"skewX":0.5934060867236738,"skewY":0.5934060867236738}},"34":{"index":1,"0":{"type":"bitmap","libName":"Bitmap 11","x":-36.8,"y":-53.45,"r":0.7155698132994617,"sx":0.999969482421875,"sy":0.999969482421875,"skewX":0.7155698132994617,"skewY":0.7155698132994617}},"35":{"index":1,"0":{"type":"bitmap","libName":"Bitmap 12","x":-9.9,"y":-52.1,"r":1.0821052015009203,"sx":0.999969482421875,"sy":0.999969482421875,"skewX":1.0821052015009203,"skewY":1.0821052015009203}},"36":{"index":1,"0":{"type":"bitmap","libName":"Bitmap 14","x":-18,"y":70,"r":-1.5707047140533978,"sx":1,"sy":1,"skewX":-1.5707047140533978,"skewY":-1.5707047140533978}},"37":{"index":1,"0":{"type":"bitmap","libName":"Bitmap 15","x":-49.1,"y":62.3,"r":-1.0908172003748966,"sx":0.9999542236328125,"sy":0.9999542236328125,"skewX":-1.0908172003748966,"skewY":-1.0908172003748966}},"38":{"index":1,"0":{"type":"bitmap","libName":"Bitmap 16","x":-78.7,"y":50.35,"r":-0.7330393511020544,"sx":0.9999542236328125,"sy":0.9999542236328125,"skewX":-0.7330393511020544,"skewY":-0.7330393511020544}},"39":{"index":1,"0":{"type":"bitmap","libName":"Bitmap 17","x":-103.8,"y":44.9,"r":-0.5410414154738818,"sx":0.9999847412109375,"sy":0.9999847412109375,"skewX":-0.5410414154738818,"skewY":-0.5410414154738818}},"40":{"index":1,"0":{"type":"bitmap","libName":"Bitmap 18","x":-123.15,"y":39.6,