{"type":"sprite","x":0,"y":0,"name":"compnent","0":{"x":-68,"y":-242,"name":"ping1","type":"sprite","r":0,"sx":1,"sy":1,"a":1,"skewX":0,"skewY":0,"0":{"type":"bitmap","libName":"Bitmap 1","x":0,"y":0,"r":0,"sx":1.666656494140625,"sy":1.666656494140625,"skewX":0,"skewY":0}},"1":{"x":-89.5,"y":-30,"name":"ban","type":"sprite","r":0,"sx":1,"sy":1,"a":1,"skewX":0,"skewY":0,"0":{"type":"bitmap","libName":"Bitmap 2","x":0,"y":0,"r":0,"sx":1.666656494140625,"sy":1.666656494140625,"skewX":0,"skewY":0}},"2":{"x":-88.5,"y":-14,"name":"ping2","type":"sprite","r":0,"sx":1,"sy":1,"a":1,"skewX":0,"skewY":0,"0":{"type":"bitmap","libName":"Bitmap 3","x":0,"y":0,"r":0,"sx":1.666656494140625,"sy":1.666656494140625,"skewX":0,"skewY":0}},"3":{"x":-81.5,"y":-265.95,"name":"bg","type":"nbMovie","r":0,"sx":1,"sy":1,"a":1,"skewX":0,"skewY":0,"0":{"index":1,"0":{"type":"bitmap","libName":"Bitmap 4","x":0,"y":12,"r":0,"sx":1.666656494140625,"sy":1.666656494140625,"skewX":0,"skewY":0}},"1":{"index":1,"0":{"type":"bitmap","libName":"Bitmap 4","x":0,"y":12,"r":0,"sx":1.666656494140625,"sy":1.666656494140625,"skewX":0,"skewY":0}},"2":{"index":1,"0":{"type":"bitmap","libName":"Bitmap 4","x":0,"y":12,"r":0,"sx":1.666656494140625,"sy":1.666656494140625,"skewX":0,"skewY":0}},"3":{"index":1,"0":{"type":"bitmap","libName":"Bitmap 4","x":0,"y":12,"r":0,"sx":1.666656494140625,"sy":1.666656494140625,"skewX":0,"skewY":0}},"4":{"index":1,"0":{"type":"bitmap","libName":"Bitmap 7","x":0,"y":12,"r":0,"sx":1.666656494140625,"sy":1.666656494140625,"skewX":0,"skewY":0}},"5":{"index":1,"0":{"type":"bitmap","libName":"Bitmap 7","x":0,"y":12,"r":0,"sx":1.666656494140625,"sy":1.666656494140625,"skewX":0,"skewY":0}},"6":{"index":1,"0":{"type":"bitmap","libName":"Bitmap 7","x":0,"y":12,"r":0,"sx":1.666656494140625,"sy":1.666656494140625,"skewX":0,"skewY":0}},"7":{"index":1,"0":{"type":"bitmap","libName":"Bitmap 7","x":0,"y":12,"r":0,"sx":1.666656494140625,"sy":1.666656494140625,"skewX":0,"skewY":0}},"8":{"index":1,"0":{"type":"bitmap","libName":"Bitmap 8","x":0,"y":12,"r":0,"sx":1.666656494140625,"sy":1.666656494140625,"skewX":0,"skewY":0}},"9":{"index":1,"0":{"type":"bitmap","libName":"Bitmap 8","x":0,"y":12,"r":0,"sx":1.666656494140625,"sy":1.666656494140625,"skewX":0,"skewY":0}},"10":{"index":1,"0":{"type":"bitmap","libName":"Bitmap 8","x":0,"y":12,"r":0,"sx":1.666656494140625,"sy":1.666656494140625,"skewX":0,"skewY":0}},"11":{"index":1,"0":{"type":"bitmap","libName":"Bitmap 8","x":0,"y":12,"r":0,"sx":1.666656494140625,"sy":1.666656494140625,"skewX":0,"skewY":0}},"12":{"index":1,"0":{"type":"bitmap","libName":"Bitmap 9","x":0,"y":12,"r":0,"sx":1.666656494140625,"sy":1.666656494140625,"skewX":0,"skewY":0}},"13":{"index":1,"0":{"type":"bitmap","libName":"Bitmap 9","x":0,"y":12,"r":0,"sx":1.666656494140625,"sy":1.666656494140625,"skewX":0,"skewY":0}},"14":{"index":1,"0":{"type":"bitmap","libName":"Bitmap 9","x":0,"y":12,"r":0,"sx":1.666656494140625,"sy":1.666656494140625,"skewX":0,"skewY":0}},"15":{"index":1,"0":{"type":"bitmap","libName":"Bitmap 9","x":0,"y":12,"r":0,"sx":1.666656494140625,"sy":1.666656494140625,"skewX":0,"skewY":0}},"16":{"index":1,"0":{"type":"bitmap","libName":"Bitmap 10","x":0,"y":12,"r":0,"sx":1.666656494140625,"sy":1.666656494140625,"skewX":0,"skewY":0}},"17":{"index":1,"0":{"type":"bitmap","libName":"Bitmap 10","x":0,"y":12,"r":0,"sx":1.666656494140625,"sy":1.666656494140625,"skewX":0,"skewY":0}},"18":{"index":1,"0":{"type":"bitmap","libName":"Bitmap 10","x":0,"y":12,"r":0,"sx":1.666656494140625,"sy":1.666656494140625,"skewX":0,"skewY":0}},"19":{"index":1,"0":{"type":"bitmap","libName":"Bitmap 10","x":0,"y":12,"r":0,"sx":1.666656494140625,"sy":1.666656494140625,"skewX":0,"skewY":0}},"20":{"index":1,"0":{"type":"bitmap","libName":"Bitmap 11","x":0,"y":12,"r":0,"sx":1.666656494140625,"sy":1.666656494140625,"skewX":0,"skewY":0}},"21":{"index":1,"0":{"type":"bitmap","libName":"Bitmap 11","x":0,"y":12,"r":0,"sx":1.666656494140625,"sy":1.666656494140625,"skewX":0,"skewY":0}},"22":{"index":1,"0":{"type":"bitmap","libName":"Bitmap 11","x":0,"y":12,"r":0,"sx":1.666656494140625,"sy":1.666656494140625,"skewX":0,"skewY":0}},"23":{"index":1,"0":{"type":"bitmap","libName":"Bitmap 11","x":0,"y":12,"r":0,"sx":1.666656494140625,"sy":1.666656494140625,"skewX":0,"skewY":0}},"24":{"index":1,"0":{"type":"bitmap","libName":"Bitmap 12","x":0,"y":12,"r":0,"sx":1.666656494140625,"sy":1.666656494140625,"skewX":0,"skewY":0}},"25":{"index":1,"0":{"type":"bitmap","libName":"Bitmap 12","x":0,"y":12,"r":0,"sx":1.666656494140625,"sy":1.666656494140625,"skewX":0,"skewY":0}},"26":{"index":1,"0":{"type":"bitmap","libName":"Bitmap 12","x":0,"y":12,"r":0,"sx":1.666656494140625,"sy":1.666656494140625,"skewX":0,"skewY":0}},"27":{"index":1,"0":{"type":"bitmap","libName":"Bitmap 12","x":0,"y":12,"r":0,"sx":1.666656494140625,"sy":1.666656494140625,"skewX":0,"skewY":0}},"28":{"index":1,"0":{"type":"bitmap","libName":"Bitmap 13","x":0,"y":12,"r":0,"sx":1.666656494140625,"sy":1.666656494140625,"skewX":0,"skewY":0}},"29":{"index":1,"0":{"type":"bitmap","libName":"Bitmap 13","x":0,"y":12,"r":0,"sx":1.666656494140625,"sy":1.666656494140625,"skewX":0,"skewY":0}},"30":{"index":1,"0":{"type":"bitmap","libName":"Bitmap 13","x":0,"y":12,"r":0,"sx":1.666656494140625,"sy":1.666656494140625,"skewX":0,"skewY":0}},"31":{"index":1,"0":{"type":"bitmap","libName":"Bitmap 13","x":0,"y":12,"r":0,"sx":1.666656494140625,"sy":1.666656494140625,"skewX":0,"skewY":0}},"32":{"index":1,"0":{"type":"bitmap","libName":"Bitmap 14","x":0,"y":12,"r":0,"sx":1.666656494140625,"sy":1.666656494140625,"skewX":0,"skewY":0}},"33":{"index":1,"0":{"type":"bitmap","libName":"Bitmap 14","x":0,"y":12,"r":0,"sx":1.666656494140625,"sy":1.666656494140625,"skewX":0,"skewY":0}},"34":{"index":1,"0":{"type":"bitmap","libName":"Bitmap 14","x":0,"y":12,"r":0,"sx":1.666656494140625,"sy":1.666656494140625,"skewX":0,"skewY":0}},"35":{"index":1,"0":{"type":"bitmap","libName":"Bitmap 14","x":0,"y":12,"r":0,"sx":1.666656494140625,"sy":1.666656494140625,"skewX":0,"skewY":0}},"36":{"index":1,"0":{"type":"bitmap","libName":"Bitmap 15","x":0,"y":12,"r":0,"sx":1.666656494140625,"sy":1.666656494140625,"skewX":0,"skewY":0}},"37":{"index":1,"0":{"type":"bitmap","libName":"Bitmap 15","x":0,"y":12,"r":0,"sx":1.666656494140625,"sy":1.666656494140625,"skewX":0,"skewY":0}},"38":{"index":1,"0":{"type":"bitmap","libName":"Bitmap 15","x":0,"y":12,"r":0,"sx":1.666656494140625,"sy":1.666656494140625,"skewX":0,"skewY":0}},"39":{"index":1,"0":{"type":"bitmap","libName":"Bitmap 15","x":0,"y":12,"r":0,"sx":1.666656494140625,"sy":1.666656494140625,"skewX":0,"skewY":0}},"40":{"index":1,"0":{"type":"bitmap","libName":"Bitmap 16","x":0,"y":12,"r":0,"sx":1.666656494140625,"sy":1.666656494140625,"skewX":0,"skewY":0}},"41":{"index":1,"0":{"type":"bitmap","libName":"Bitmap 16","x":0,"y":12,"r":0,"sx":1.666656494140625,"sy":1.666656494140625,"skewX":0,"skewY":0}},"42":{"index":1,"0":{"type":"bitmap","libName":"Bitmap 16","x":0,"y":12,"r":0,"sx":1.666656494140625,"sy":1.666656494140625,"skewX":0,"skewY":0}},"43":{"index":1,"0":{"type":"bitmap","libName":"Bitmap 16","x":0,"y":12,"r":0,"sx":1.666656494140625,"sy":1.666656494140625,"skewX":0,"skewY":0}},"44":{"index":1,"0":{"type":"bitmap","libName":"Bitmap 17","x":0,"y":12,"r":0,"sx":1.666656494140625,"sy":1.666656494140625,"skewX":0,"skewY":0}},"45":{"index":1,"0":{"type":"bitmap","libName":"Bitmap 17","x":0,"y":12,"r":0,"sx":1.666656494140625,"sy":1.666656494140625,"skewX":0,"skewY":0}},"46":{"index":1,"0":{"type":"bitmap","libName":"Bitmap 17","x":0,"y":12,"r":0,"sx":1.666656494140625,"sy":1.666656494140625,"skewX":0,"skewY":0}},"47":{"index":1,"0":{"type":"bitmap","libName":"Bitmap 17","x":0,"y":12,"r":0,"sx":1.666656494140625,"sy":1.666656494140625,"skewX":0,"skewY":0}},"48":{"index":1,"0":{"type":"bitmap","libName":"Bitmap 18","x":0,"y":12,"r":0,"sx":1.666656494140625,"sy":1.666656494140625,"skewX":0,"skewY":0}},"49":{"index":1,"0":{"type":"bitmap",