{"type":"sprite","x":0,"y":0,"name":"compnent","0":{"x":-294.4,"y":-104,"name":"ping","type":"sprite","r":0,"sx":1,"sy":1,"a":1,"skewX":0,"skewY":0,"0":{"type":"bitmap","libName":"Bitmap 1","x":0,"y":0,"r":0,"sx":1.4298248291015625,"sy":1.429718017578125,"skewX":0,"skewY":0}},"1":{"x":-73,"y":-98.5,"name":"bg","type":"nbMovie","r":0,"sx":1,"sy":1,"a":1,"skewX":0,"skewY":0,"0":{"index":5,"0":{"type":"bitmap","libName":"Bitmap 7","x":105,"y":-283,"r":0,"sx":1.428558349609375,"sy":1.428558349609375,"skewX":0,"skewY":0},"1":{"type":"bitmap","libName":"Bitmap 6","x":48,"y":124,"r":0,"sx":1.428558349609375,"sy":1.428558349609375,"skewX":0,"skewY":0},"2":{"type":"bitmap","libName":"Bitmap 5","x":-34,"y":-173,"r":0,"sx":1.574798583984375,"sy":1.428558349609375,"skewX":0,"skewY":0},"3":{"type":"bitmap","libName":"Bitmap 4","x":-186,"y":-179,"r":0,"sx":1.428558349609375,"sy":1.428558349609375,"skewX":0,"skewY":0},"4":{"type":"bitmap","libName":"Bitmap 8","x":105,"y":-237,"r":0,"sx":1,"sy":2.4216461181640625,"skewX":0,"skewY":0}},"1":{"index":5,"0":{"type":"bitmap","libName":"Bitmap 13","x":106,"y":-283,"r":0,"sx":1.428558349609375,"sy":1.428558349609375,"skewX":0,"skewY":0},"1":{"type":"bitmap","libName":"Bitmap 11","x":45,"y":119,"r":0,"sx":1.428558349609375,"sy":1.428558349609375,"skewX":0,"skewY":0},"2":{"type":"bitmap","libName":"Bitmap 10","x":-38,"y":-226,"r":0,"sx":1.609375,"sy":1.44708251953125,"skewX":0,"skewY":0},"3":{"type":"bitmap","libName":"Bitmap 9","x":-406,"y":-115.45,"r":-1.5707353404059337,"sx":1.42852783203125,"sy":1.42852783203125,"skewX":-1.5707353404059337,"skewY":-1.5707353404059337},"4":{"type":"bitmap","libName":"Bitmap 14","x":106,"y":-247,"r":0,"sx":1,"sy":2.12432861328125,"skewX":0,"skewY":0}}},"2":{"type":"bitmap","libName":"bu.png","x":-260.55,"y":-110.95,"r":0,"sx":1,"sy":1,"skewX":0,"skewY":0},"3":{"x":73.4,"y":-241.1,"name":"gan","type":"sprite","r":0,"sx":1,"sy":1,"a":1,"skewX":0,"skewY":0,"0":{"type":"bitmap","libName":"Bitmap 16","x":-8,"y":-157,"r":0,"sx":1,"sy":2.3871002197265625,"skewX":0,"skewY":0},"1":{"type":"bitmap","libName":"Bitmap 15","x":-59,"y":-212,"r":0,"sx":1.428558349609375,"sy":1.428558349609375,"skewX":0,"skewY":0}}}