{"type":"sprite","x":0,"y":0,"name":"compnent","0":{"x":-972,"y":-424,"name":"test","type":"sprite","r":0,"sx":1,"sy":1,"a":1,"skewX":0,"skewY":0,"0":{"type":"bitmap","libName":"blockdown","x":89,"y":623,"r":-1.5707505204241472,"sx":1,"sy":1,"skewX":-1.5707505204241472,"skewY":-1.5707505204241472},"1":{"type":"bitmap","libName":"blockup","x":0,"y":623,"r":-1.5707505204241472,"sx":1,"sy":1,"skewX":-1.5707505204241472,"skewY":-1.5707505204241472},"2":{"type":"bitmap","libName":"whiteup","x":89,"y":396,"r":-1.5707657004423605,"sx":1,"sy":1,"skewX":-1.5707505204241472,"skewY":-1.5707657004423605},"3":{"type":"bitmap","libName":"whitedown","x":24,"y":384,"r":-1.5707505204241472,"sx":1,"sy":1,"skewX":-1.5707505204241472,"skewY":-1.5707505204241472},"4":{"type":"bitmap","libName":"bgTop","x":58,"y":0,"r":0,"sx":1.5999755859375,"sy":1.5999755859375,"skewX":0,"skewY":0}},"1":{"x":-6.05,"y":1,"name":"bg","type":"sprite","r":0,"sx":1,"sy":1,"a":1,"skewX":0,"skewY":0,"0":{"x":311,"y":-218,"name":"logo","type":"sprite","r":0,"sx":1,"sy":1,"a":1,"skewX":0,"skewY":0,"0":{"type":"bitmap","libName":"Bitmap 23","x":0,"y":0,"r":0,"sx":0.79998779296875,"sy":0.79998779296875,"skewX":0,"skewY":0}},"1":{"x":-579,"y":-240,"name":"left","type":"sprite","r":0,"sx":1,"sy":1,"a":1,"skewX":0,"skewY":0,"0":{"type":"shape","path":[255,0.05,24.05,2,433.85,24.05,2,433.85,-59.95,2,0.05,-59.95,2,0.05,24.05,2,0.05,24.05,1,0,3407616,33]},"1":{"type":"bitmap","libName":"Bitmap 29","x":0,"y":462.35,"r":-1.5707505204241472,"sx":1.00079345703125,"sy":1.00079345703125,"skewX":-1.5707505204241472,"skewY":-1.5707505204241472}},"2":{"x":524,"y":-240,"name":"right","type":"sprite","r":0,"sx":1,"sy":1,"a":1,"skewX":0,"skewY":0,"0":{"type":"shape","path":[255,0.05,24.05,2,433.85,24.05,2,433.85,-59.95,2,0.05,-59.95,2,0.05,24.05,2,0.05,24.05,1,0,3407616,33]},"1":{"type":"bitmap","libName":"Bitmap 30","x":0,"y":462.35,"r":-1.5707505204241472,"sx":1.00079345703125,"sy":1.0007476806640625,"skewX":-1.5707505204241472,"skewY":-1.5707505204241472}}}}