{"type":"sprite","x":0,"y":0,"name":"compnent","0":{"type":"bitmap","libName":"Bitmap 11","x":39,"y":-276,"r":0,"sx":1.428558349609375,"sy":1.428558349609375,"skewX":0,"skewY":0},"1":{"x":-208.65,"y":-68.45,"name":"tiptxt","type":"sprite","r":0,"sx":1,"sy":1,"a":1,"skewX":0,"skewY":0,"0":{"type":"bitmap","libName":"Bitmap 2","x":0,"y":0,"r":0,"sx":1,"sy":1,"skewX":0,"skewY":0}},"2":{"x":-8,"y":-93.95,"name":"ju","type":"nbMovie","r":0,"sx":1,"sy":1,"a":1,"skewX":0,"skewY":0,"0":{"index":2,"0":{"x":184.5,"y":5.95,"name":"","type":"sprite","r":0,"sx":1,"sy":1,"a":1,"skewX":0,"skewY":0,"0":{"type":"shape","path":[255,82,-184.5,2,-82,-184.5,2,-82,184.5,2,82,184.5,2,82,-184.5,2,82,-184.5,1,0,2631720,33]}},"1":{"type":"bitmap","libName":"Bitmap 13","x":0,"y":-4,"r":0,"sx":1.428558349609375,"sy":1.428558349609375,"skewX":0,"skewY":0}},"1":{"index":2,"0":{"x":184.5,"y":5.95,"name":"","type":"sprite","r":0,"sx":1,"sy":1,"a":1,"skewX":0,"skewY":0,"0":{"type":"shape","path":[255,82,-184.5,2,-82,-184.5,2,-82,184.5,2,82,184.5,2,82,-184.5,2,82,-184.5,1,0,2631720,33]}},"1":{"type":"bitmap","libName":"Bitmap 14","x":0,"y":-27,"r":0,"sx":1.428558349609375,"sy":1.428558349609375,"skewX":0,"skewY":0}},"2":{"index":2,"0":{"x":184.5,"y":5.95,"name":"","type":"sprite","r":0,"sx":1,"sy":1,"a":1,"skewX":0,"skewY":0,"0":{"type":"shape","path":[255,82,-184.5,2,-82,-184.5,2,-82,184.5,2,82,184.5,2,82,-184.5,2,82,-184.5,1,0,2631720,33]}},"1":{"type":"bitmap","libName":"Bitmap 15","x":0,"y":-8,"r":0,"sx":1.428558349609375,"sy":1.428558349609375,"skewX":0,"skewY":0}},"3":{"index":2,"0":{"x":184.5,"y":5.95,"name":"","type":"sprite","r":0,"sx":1,"sy":1,"a":1,"skewX":0,"skewY":0,"0":{"type":"shape","path":[255,82,-184.5,2,-82,-184.5,2,-82,184.5,2,82,184.5,2,82,-184.5,2,82,-184.5,1,0,2631720,33]}},"1":{"type":"bitmap","libName":"Bitmap 16","x":0,"y":-46,"r":0,"sx":1.428558349609375,"sy":1.428558349609375,"skewX":0,"skewY":0}},"4":{"index":2,"0":{"x":184.5,"y":5.95,"name":"","type":"sprite","r":0,"sx":1,"sy":1,"a":1,"skewX":0,"skewY":0,"0":{"type":"shape","path":[255,82,-184.5,2,-82,-184.5,2,-82,184.5,2,82,184.5,2,82,-184.5,2,82,-184.5,1,0,2631720,33]}},"1":{"type":"bitmap","libName":"Bitmap 17","x":0,"y":-12,"r":0,"sx":1.428558349609375,"sy":1.428558349609375,"skewX":0,"skewY":0}},"5":{"index":2,"0":{"x":184.5,"y":5.95,"name":"","type":"sprite","r":0,"sx":1,"sy":1,"a":1,"skewX":0,"skewY":0,"0":{"type":"shape","path":[255,82,-184.5,2,-82,-184.5,2,-82,184.5,2,82,184.5,2,82,-184.5,2,82,-184.5,1,0,2631720,33]}},"1":{"type":"bitmap","libName":"Bitmap 18","x":0,"y":-68,"r":0,"sx":1.428558349609375,"sy":1.428558349609375,"skewX":0,"skewY":0}},"6":{"index":2,"0":{"x":184.5,"y":5.95,"name":"","type":"sprite","r":0,"sx":1,"sy":1,"a":1,"skewX":0,"skewY":0,"0":{"type":"shape","path":[255,82,-184.5,2,-82,-184.5,2,-82,184.5,2,82,184.5,2,82,-184.5,2,82,-184.5,1,0,2631720,33]}},"1":{"type":"bitmap","libName":"Bitmap 19","x":0,"y":-15,"r":0,"sx":1.428558349609375,"sy":1.428558349609375,"skewX":0,"skewY":0}}},"3":{"x":-300,"y":-170,"name":"bg","type":"sprite","r":0,"sx":1,"sy":1,"a":1,"skewX":0,"skewY":0,"0":{"type":"bitmap","libName":"Bitmap 12","x":0,"y":0,"r":0,"sx":1.428558349609375,"sy":1.428558349609375,"skewX":0,"skewY":0}}}