{
  "type": "sprite",
  "x": 0,
  "y": 0,
  "name": "compnent",
  "0": {
    "x": 0,
    "y": 0,
    "name": "bg",
    "type": "sprite",
    "r": 0,
    "sx": 1,
    "sy": 1,
    "a": 1,
    "skewX": 0,
    "skewY": 0,
    "0": {
      "type": "bitmap",
      "libName": "Lark20210126-113121.png",
      "x": -80,
      "y": 55,
      "r": -1.5707963267948966,
      "sx": 1,
      "sy": 1,
      "skewX": -1.5707963267948966,
      "skewY": -1.5707963267948966
    }
  }
}
