{"type":"sprite","x":0,"y":0,"name":"compnent","0":{"x":-222.5,"y":-3.3,"name":"alphaMC","type":"sprite","r":0,"sx":1,"sy":1,"a":1,"skewX":0,"skewY":0,"0":{"type":"shape","path":[255,-23.2,-69.05,2,-23.2,69,2,23.2,69,2,23.2,-69.05,2,-23.2,-69.05,2,-23.2,-69.05,1,0.4980392156862745,0,33]}},"1":{"x":0,"y":0,"name":"bg","type":"sprite","r":0,"sx":1,"sy":1,"a":1,"skewX":0,"skewY":0,"0":{"type":"bitmap","libName":"Bitmap 2","x":-359,"y":-26,"r":0,"sx":1.428558349609375,"sy":1.428558349609375,"skewX":0,"skewY":0}}}